id_cliente;id_estandar;nombre_cliente;debe;haber;deudor;acreedor;activo;pasivo;perdida;ganancia;;
11011001;1.01.01.00;CAJA PESOS;15286181;15286181;;0;0;0;0;0;0;0
11011003;1.01.01.00;FONDO DE CAJA EN TIENDAS;2530000;200000;2330000;0;2330000;0;0;0;0;2330000
11011004;1.01.01.00;FONDO FIJOS US$;1199460;;1199460;0;1199460;0;0;0;0;1199460
11011005;1.01.01.00;FONDOS FIJOS EN MONEDA NACIONAL PESOS;10206466;5406466;4800000;0;4800000;0;0;0;0;4800000
11012101;1.01.01.00;CAJA LA SERENA;155314587;155208657;105930;0;105930;0;0;0;0;105930
11012103;1.01.01.00;CAJA PARQUE ARAUCO;108964281;108753091;211190;0;211190;0;0;0;0;211190
11012104;1.01.01.00;CAJA ANTOFAGASTA;157756534;156372564;1383970;0;1383970;0;0;0;0;1383970
11012105;1.01.01.00;CAJA MEGATIENDA;275734491;274645101;1089390;0;1089390;0;0;0;0;1089390
11012106;1.01.01.00;CAJA LA DEHESA;59825045;58497124;1327921;0;1327921;0;0;0;0;1327921
11012107;1.01.01.00;CAJA COPIAPO;122509178;119801548;2707630;0;2707630;0;0;0;0;2707630
11012108;1.01.01.00;CAJA TALCA;120983297;119398637;1584660;0;1584660;0;0;0;0;1584660
11012109;1.01.01.00;CAJA PLAZA TREBOL;119082140;118428530;653610;0;653610;0;0;0;0;653610
11012110;1.01.01.00;CAJA CONCEPCION;259087120;254655420;4431700;0;4431700;0;0;0;0;4431700
11012111;1.01.01.00;CAJA TEMUCO;171595121;170531561;1063560;0;1063560;0;0;0;0;1063560
11012112;1.01.01.00;CAJA PUERTO MONTT;204958134;204546484;411650;0;411650;0;0;0;0;411650
11012115;1.01.01.00;CAJA PLAZA VESPUCIO;183311907;182703766;608141;0;608141;0;0;0;0;608141
11012116;1.01.01.00;CAJA VIÑA DEL MAR;214013366;213096946;916420;0;916420;0;0;0;0;916420
11012117;1.01.01.00;CAJA RANCAGUA;96517282;94880571;1636711;0;1636711;0;0;0;0;1636711
11012123;1.01.01.00;CAJA SAC;24669997;24654997;15000;0;15000;0;0;0;0;15000
11012125;1.01.01.00;CAJA COSTANERA CENTER;224406616;222629995;1776621;0;1776621;0;0;0;0;1776621
11012126;1.01.01.00;CAJA VALDIVIA;107892801;107548971;343830;0;343830;0;0;0;0;343830
11012127;1.01.01.00;CAJA LOS DOMINICOS;77886753;77466003;420750;0;420750;0;0;0;0;420750
11012128;1.01.01.00;CAJA ALTO LAS CONDES;15059881;15059881;0;0;0;0;0;0;0;0
11012130;1.01.01.00;CAJA OMNIUM;32370648;31700228;670420;0;670420;0;0;0;0;670420
11013101;1.01.01.00;BANCO CRÉDITO E INVERSIONES PESOS;9215989963;9190821990;25167973;0;25167973;0;0;0;0;25167973
11013102;1.01.01.00;BANCO SANTANDER PESOS;28287240106;28252634728;34605378;0;34605378;0;0;0;0;34605378
11013103;1.01.01.00;BANCO SANTANDER PESOS  MEGACENTER;217875322;217234703;640619;0;640619;0;0;0;0;640619
11013104;1.01.01.00;BANCO SANTANDER PESOS _ GARANTIAS;11067038677;11066207975;830702;0;830702;0;0;0;0;830702
11013105;1.01.01.00;BANCO SCOTIABANK AZUL PESOS;391524244;380097459;11426785;0;11426785;0;0;0;0;11426785
11013106;1.01.01.00;BANCO INTER PESOS;472230;167965;304265;0;304265;0;0;0;0;304265
11013107;1.01.01.00;BANCO SECURITY PESOS;1239340;617714;621626;0;621626;0;0;0;0;621626
11013108;1.01.01.00;BANCO CHILE PESOS;845720329;844358745;1361584;0;1361584;0;0;0;0;1361584
11013109;1.01.01.00;BANCO SCOTIABANK ROJO PESOS;11779872266;11762065585;17806681;0;17806681;0;0;0;0;17806681
11013110;1.01.01.00;BANCO BICE PESOS;1149534;574767;574767;0;574767;0;0;0;0;574767
11013111;1.01.01.00;BANCO ESTADO PESOS;2045762;460313;1585449;0;1585449;0;0;0;0;1585449
11013112;1.01.01.00;BANCO ITAÚ PESOS;1452540919;1445491411;7049508;0;7049508;0;0;0;0;7049508
11013113;1.01.01.00;BANCO ITAU / CORP PESOS;8358789296;8358066131;723165;0;723165;0;0;0;0;723165
11013114;1.01.01.00;BANCO ITAU LA SERENA;200288983;200288983;0;0;0;0;0;0;0;0
11013115;1.01.01.00;BANCO ITAU ARCADIA;243613;243613;0;0;0;0;0;0;0;0
11013116;1.01.01.00;BANCO ITAU PLAZA CROWNE AM;18086946;18086946;0;0;0;0;0;0;0;0
11013117;1.01.01.00;BANCO ITAU PARQUE ARAUCO;51124174;51124174;0;0;0;0;0;0;0;0
11013118;1.01.01.00;BANCO ITAU ANTOFAGASTA;88612664;88612664;0;0;0;0;0;0;0;0
11013119;1.01.01.00;BANCO ITAU MEGATIENDA;278059148;278059148;0;0;0;0;0;0;0;0
11013120;1.01.01.00;BANCO ITAU LA DEHESA;33659649;33659649;0;0;0;0;0;0;0;0
11013121;1.01.01.00;BANCO ITAU COPIAPO;27052741;27052741;0;0;0;0;0;0;0;0
11013122;1.01.01.00;BANCO ITAU TALCA;42702965;42702965;0;0;0;0;0;0;0;0
11013123;1.01.01.00;BANCO ITAU PLAZA TREBOL;23957285;23957285;0;0;0;0;0;0;0;0
11013124;1.01.01.00;BANCO ITAU CONCEPCION;47659680;47659680;0;0;0;0;0;0;0;0
11013125;1.01.01.00;BANCO ITAU TEMUCO;38441044;33329390;5111654;0;5111654;0;0;0;0;5111654
11013126;1.01.01.00;BANCO ITAU PUERTO MONTT;25793020;25793020;0;0;0;0;0;0;0;0
11013128;1.01.01.00;BANCO ITAU PLAZA VESPUCIO;72945992;72945992;0;0;0;0;0;0;0;0
11013129;1.01.01.00;BANCO ITAU VIÑA DEL MAR;75053222;75053222;0;0;0;0;0;0;0;0
11013130;1.01.01.00;BANCO ITAU RANCAGUA;14491533;14491533;0;0;0;0;0;0;0;0
11013132;1.01.01.00;BANCO ITAU CROWNE PLAZA FM;81800;81800;0;0;0;0;0;0;0;0
11013133;1.01.01.00;BANCO ITAU WEB;224395773;224395773;0;0;0;0;0;0;0;0
11013134;1.01.01.00;BANCO ITAU FLORIDA CENTER;8;8;0;0;0;0;0;0;0;0
11013136;1.01.01.00;BANCO ITAU LOS DOMINICOS;37455176;37455176;0;0;0;0;0;0;0;0
11013137;1.01.01.00;BANCO ITAU COSTANERA CENTER;111093676;111093676;0;0;0;0;0;0;0;0
11013138;1.01.01.00;BANCO ITAU VALDIVIA;35298544;35298544;0;0;0;0;0;0;0;0
11013139;1.01.01.00;BANCO ITAU ALTO LAS CONDES;6141905;6141905;0;0;0;0;0;0;0;0
11013140;1.01.01.00;BANCO SANTANDER RRHH;6769462211;6768592517;869694;0;869694;0;0;0;0;869694
11013141;1.01.01.00;BANCO ITAU SAC;20118919;20118919;0;0;0;0;0;0;0;0
11013201;1.01.01.00;BANCO CRÉDITO E INVERSIONES DÓLAR;1,33911E+11;1,33911E+11;417741;0;417741;0;0;0;0;417741
11013202;1.01.01.00;BANCO SANTANDER DÓLAR;16421595229;16259633448;161961781;0;161961781;0;0;0;0;161961781
11013203;1.01.01.00;BANCO SCOTIABANK AZUL DÓLAR;33598;19036;14562;0;14562;0;0;0;0;14562
11013204;1.01.01.00;BANCO INTER DÓLARES;1799511;1019609;779902;0;779902;0;0;0;0;779902
11013206;1.01.01.00;BANCO CHILE DÓLAR;1060976;601152;459824;0;459824;0;0;0;0;459824
11013211;1.01.01.00;BANCO ITAU / CORP DÓLAR;4826039645;4823662400;2377245;0;2377245;0;0;0;0;2377245
11013301;1.01.05.00;FONDOS MUTUOS;6542460536;6542460536;0;0;0;0;0;0;0;0
11021002;1.01.05.00;REMESAS EN TRÁNSITO;13498373641;13444941800;53431841;0;53431841;0;0;0;0;53431841
11021003;1.01.05.00;ACCIONES CHILECTRA S.A.;117051754;78402017;38649737;0;38649737;0;0;0;0;38649737
11021005;1.01.07.00;NOMINAS PROVEEDORES NACIONALES;1400534;;1400534;0;1400534;0;0;0;0;1400534
11031001;1.01.20.00;DEUDORES POR VENTA;30340819174;30010608060;330211114;0;330211114;0;0;0;0;330211114
11031002;1.01.20.00;DEUDORES POR VENTA EERR;510391;510391;0;0;0;0;0;0;0;0
11031003;1.01.40.00;DEUDORES CREDITO CLP;88596714;80377913;8218801;0;8218801;0;0;0;0;8218801
11031008;1.01.99.00;DETERIORO DEUDORES INCOBRABLES ACUMULADO;204115151;264034977;0;59919826;0;59919826;0;0;0;0
11031009;1.01.25.00;VALES TIENDAS;46260232;47969192;0;1708960;0;1708960;0;0;0;-1708960
11031010;1.01.25.00;DEUDORES CORNERSHOP;7932202;7808302;123900;0;123900;0;0;0;0;123900
11041001;1.01.25.00;CHEQUES EN TRANSITO;1988067575;1622292215;365775360;0;365775360;0;0;0;0;365775360
11041002;1.01.25.00;CHEQUES EN CARTERA PESOS;213890017;213890017;0;0;0;0;0;0;0;0
11041005;1.01.25.00;CHEQUES PROTESTADOS;23049133;23049133;0;0;0;0;0;0;0;0
11041006;1.01.25.00;CHEQUES EN COBRANZA PREJUDICIAL;8186943;8186943;0;0;0;0;0;0;0;0
11041007;1.01.99.00;DETERIORO CHEQUES INCOBRABLES ACUMULADO;61155580;121155580;0;60000000;0;60000000;0;0;0;0
11042101;1.01.99.00;TARJETAS DE DEBITO TRANSBANK;6633538878;3091144578;3542394300;0;3542394300;0;0;0;0;3542394300
11042102;1.01.99.00;TARJETAS DE CRÉDITO TRANSBANK;12317225693;3018443531;9298782162;0;9298782162;0;0;0;0;9298782162
11042105;1.01.99.00;ABONOS POR ASIGNAR;5490928537;17358520317;0;11867591780;0;11867591780;0;0;0;-11867591780
11042106;1.01.99.00;TARJETAS DE CRÉDITO WEB PAY;840688421;1497356;839191065;0;839191065;0;0;0;0;839191065
11042109;1.01.99.00;TARJETAS DE DEBITO WEB;2944021194;2910932029;33089165;0;33089165;0;0;0;0;33089165
11042111;1.01.99.00;MERCADOPAGO;52990;;52990;0;52990;0;0;0;0;52990
11043002;1.01.99.00;PAGARÉS POR COBRAR;105431989;98699252;6732737;0;6732737;0;0;0;0;6732737
11044001;1.01.99.00;DETERIORO PAGARÉS INCOBRABLES ACUMULADO;101208706;3000000;98208706;0;98208706;0;0;0;0;0
11044004;1.03.24.00;ANTICIPOS DE REMUNERACIONES;3000000;101208706;0;98208706;0;98208706;0;0;0;-98208706
11051001;1.03.24.00;ANTICIPOS DE HONORARIOS;768026;768026;0;0;0;0;0;0;0;0
11051002;1.03.24.00;PRÉSTAMOS AL PERSONAL;4667100928;4084893521;582207407;0;582207407;0;0;0;0;582207407
11051003;1.01.30.00;OTROS DOCUMENTOS POR COBRAR;672885514;667694806;5190708;0;5190708;0;0;0;0;5190708
11052001;1.03.25.00;ANTICIPO A PROVEEDORES NACIONALES;23900610;23432330;468280;0;468280;0;0;0;0;468280
11052002;1.01.99.00;FONDOS A RENDIR CLP;2770299;2295700;474599;0;474599;0;0;0;0;474599
11052003;1.01.99.00;FONDOS AGENCIAS DE ADUANAS;134446267;132180422;2265845;0;2265845;0;0;0;0;2265845
11053001;1.01.99.00;FONDOS A RENDIR USD;303845238;85827057;218018181;0;218018181;0;0;0;0;218018181
11053002;1.03.25.00;ANTICIPO A PROVEEDORES EXTRANJEROS;157410324;173671374;0;16261050;0;16261050;0;0;0;-16261050
11054004;1.03.45.00;DOCUMENTOS EN GARANTIA;14495812;14495812;0;0;0;0;0;0;0;0
11054006;1.03.45.00;RESP.POR BOLETA DE GARANTIA;41646000;41646000;0;0;0;0;0;0;0;0
11071101;1.01.40.00;CTA CTE MONETARIA POR COBRAR AMIQQ;1522312860;1522312860;0;0;0;0;0;0;0;0
11071102;1.01.40.00;CTA CTE MONETARIA POR COBRAR FMSA;1750351;1750351;0;0;0;0;0;0;0;0
11071103;1.01.40.00;CTA CTE MONETARIA POR COBRAR AM-PERU;677018878;1085603584;0;408584706;0;408584706;0;0;0;-408584706
11071104;1.01.40.00;CTA CTE MONETARIA POR COBRAR ACADEMIA;80286800;84441905;0;4155105;0;4155105;0;0;0;-4155105
11071105;1.01.40.00;CTA CTE MONETARIA POR COBRAR OTEC;1238424;;1238424;0;1238424;0;0;0;0;1238424
11071106;1.01.40.00;CTA CTE MONETARIA POR COBRAR GMT;11309039;11309039;0;0;0;0;0;0;0;0
11071107;1.01.40.00;CTA CTE MONETARIA POR COBRAR REAL AUDIO;2272250;1364207;908043;0;908043;0;0;0;0;908043
11072101;1.01.40.00;CTA CTE NO MONETARIA POR COBRAR AMIQQ;56786765;56786765;0;0;0;0;0;0;0;0
11072103;1.01.40.00;CTA CTE NO MONETARIA POR COBRAR AM-PERU;11308994641;5900500568;5408494073;0;5408494073;0;0;0;0;5408494073
11072104;1.01.40.00;CTA CTE NO MONETARIA POR COBRAR ACADEMIA;283048322;25063000;257985322;0;257985322;0;0;0;0;257985322
11072105;1.01.40.00;CTA CTE NO MONETARIA POR COBRAR OTEC;42736976;30000000;12736976;0;12736976;0;0;0;0;12736976
11072107;1.01.40.00;CTA CTE NO MONETARIA POR COBRAR REAL AUDIO;126020802;1506042;124514760;0;124514760;0;0;0;0;124514760
11072109;1.01.40.00;CTA CTE NO MONETARIA POR COBRAR INVERSIONES AUDIOMUSICA;368946870;;368946870;0;368946870;0;0;0;0;368946870
11072110;1.01.40.00;CTA CTE NO MONETARIA POR COBRAR INVERSIONES AM II;4815802224;;4815802224;0;4815802224;0;0;0;0;4815802224
11081001;1.01.50.00;EXISTENCIAS;40355365730;35672351424;4683014306;0;4683014306;0;0;0;0;4683014306
11081002;1.01.50.00;EXISTENCIAS EN TRÁNSITO;15250430239;12579761755;2670668484;0;2670668484;0;0;0;0;2670668484
11081003;1.01.99.00;DIFERENCIAS DE PRECIO;6502596;6502596;0;0;0;0;0;0;0;0
11081004;1.01.50.00;INVENTARIO EN TIENDAS;462932302;462932302;0;0;0;0;0;0;0;0
11082004;1.01.99.00;DETERIORO INVENTARIOS ACUMULADOS;368208888;368208888;0;0;0;0;0;0;0;0
11091001;1.01.59.00;IVA CRÉDITO FISCAL;4634292218;4584020440;50271778;0;50271778;0;0;0;0;50271778
11091002;1.01.99.00;REMANENTE IVA CF;125668445;70337999;55330446;0;55330446;0;0;0;0;55330446
11091003;1.01.99.00;PAGOS PROVISIONALES MENSUALES DEL PERÍODO;13335835;13335835;0;0;0;0;0;0;0;0
11091005;1.01.62.00;CRÉDITOS POR GASTOS DE CAPACITACIÓN;4517764;3517764;1000000;0;1000000;0;0;0;0;1000000
11091006;1.01.62.00;CRÉDITOS POR DONACIONES;476914;;476914;0;476914;0;0;0;0;476914
11091008;1.01.99.00;REMANENTE DE IMPUESTO A LA RENTA POR RECUPERAR;376908809;239452787;137456022;0;137456022;0;0;0;0;137456022
11092001;1.01.99.00;IMPUESTOS DIFERIDOS POR COBRAR - CORTO PLAZO;235989894;87562737;148427157;0;148427157;0;0;0;0;0
11101001;1.01.99.00;ARRIENDOS PAGADOS POR ANTICIPADO;79878669;78381822;1496847;0;1496847;0;0;0;0;1496847
11101003;1.01.99.00;SEGUROS ANTICIPADOS POR CONSUMIR;57199094;30138598;27060496;0;27060496;0;0;0;0;27060496
11101006;1.01.99.00;PUBLICIDAD ANTICIPADA POR CONSUMIR;167590923;169019182;0;1428259;0;1428259;0;0;0;-1428259
11101007;1.03.50.00;OTROS GASTOS PAGADOS POR ANTICIPADO;161329146;143730373;17598773;0;17598773;0;0;0;0;17598773
12011001;1.02.12.00;LOCALES COMERCIALES;367499945;;367499945;0;367499945;0;0;0;0;367499945
12011004;1.02.12.00;INSTALACIONES;7962620450;5155173354;2807447096;0;2807447096;0;0;0;0;2807447096
12013001;1.02.17.00;VEHICULOS;97301960;53332950;43969010;0;43969010;0;0;0;0;43969010
12013002;1.02.99.00;VEHICULOS EX-LEASING;66075848;21258513;44817335;0;44817335;0;0;0;0;0
12014005;1.02.30.00;ACTIVOS EN LEASING;166316677;154064148;12252529;0;12252529;0;0;0;0;0
12015001;1.02.12.00;MUEBLES DE OFICINA;1252085561;1060243467;191842094;0;191842094;0;0;0;0;191842094
12015002;1.02.12.00;EQUIPOS DE OFICINA;688060295;640799373;47260922;0;47260922;0;0;0;0;47260922
12015003;1.02.15.00;EQUIPOS DE COMPUTACIÓN;1755810502;1351773221;404037281;0;404037281;0;0;0;0;715258503
12015004;1.02.15.00;EQUIPOS DE SALA;82453158;69046128;13407030;0;13407030;0;0;0;0;13407030
12015005;1.02.14.00;HERRAMIENTAS;3529413;3529413;0;0;0;0;0;0;0;0
12015008;1.02.13.00;INSTRUMENTOS SALA DE VENTAS;385904695;382813893;3090802;0;3090802;0;0;0;0;3090802
12016001;1.02.90.00;DEPRECIACIÓN ACUMULADA;8861433560;11054924922;0;2193491362;0;2193491362;0;0;0;-2193491362
12016002;1.02.95.00;DEPRECIACIÓN ACUMULADA DE ACTIVOS EN LEASING;154648312;160621094;0;5972782;0;5972782;0;0;0;0
12016003;1.02.90.00;DEPRECIACIÓN ACUMULADA EX-LEASING;23055233;63380764;0;40325531;0;40325531;0;0;0;0
12017001;1.02.12.00;OBRAS EN CONSTRUCCION;101815833;76506683;25309150;0;25309150;0;0;0;0;25309150
12021001;1.02.99.00;SISTEMA COMPUTACIONAL ERP;1188660942;910796184;277864758;0;277864758;0;0;0;0;277864758
12021002;1.02.25.00;SOFTWARE COMPUTACIONAL;504304349;386024862;118279487;0;118279487;0;0;0;0;144569033
12021003;1.02.25.00;SISTEMA POS;157454452;137741643;19712809;0;19712809;0;0;0;0;19712809
12022002;1.02.25.00;DERECHOS DE MARCAS;1500000;;1500000;0;1500000;0;0;0;0;1500000
12023001;1.02.90.00;AMORTIZACIÓN ACUMULADA;1473164149;1823248442;0;350084293;0;350084293;0;0;0;-350084293
12024001;1.02.99.00;SISTEMA ERP EN DESARROLLO;265637920;55629804;210008116;0;210008116;0;0;0;0;686070449
12031002;1.03.01.00;INVERSIÓN EN ACADEMIA AUDIOMUSICA;17188754;186150236;0;168961482;0;168961482;0;0;0;-168961482
12031004;1.03.01.00;INVERSIONES EN REAL AUDIO;0;61274757;0;61274757;0;61274757;0;0;0;-61274757
12031007;1.03.01.00;INVERSIONES EN AUDIOMUSICA COLOMBIA;0;245826094;0;245826094;0;245826094;0;0;0;-245826094
12061001;1.03.50.00;IMPUESTOS DIFERIDOS LARGO PLAZO;2489246266;159924543;2329321723;0;2329321723;0;0;0;0;0
12072001;1.03.45.00;GARANTÍAS ENTREGADAS POR ARRIENDOS;115559068;11121463;104437605;0;104437605;0;0;0;0;104437605
21011001;2.01.01.00;PRESTAMOS BANCARIOS CLP CORTO PLAZO;535668504;1436222922;0;900554418;0;900554418;0;0;0;-900554418
21011003;2.01.01.00;INTERESES BANCARIOS NO DEVENGADOS CLP;779610803;339509469;440101334;0;440101334;0;0;0;0;440101334
21012003;2.01.99.00;OPERACIONES CONTADO COMEX;41730;41730;0;0;0;0;0;0;0;0
21014001;2.01.99.00;TARJETAS DE CRÉDITO POR PAGAR EN MONEDA NACIONAL;48763360;51457845;0;2694485;0;2694485;0;0;0;-2694485
21014002;2.01.99.00;TARJETAS DE CRÉDITO POR PAGAR EN MONEDA EXTRANJERA;203003191;203946430;0;943239;0;943239;0;0;0;-943239
21015001;2.01.01.00;OTROS PRESTAMOS CORRIENTES;79501923;351034194;0;271532271;0;271532271;0;0;0;-271532271
21021001;2.01.11.00;PROVEEDORES NACIONALES POR PAGAR;11194004072;11895746399;0;701742327;0;701742327;0;0;0;-701742327
21021002;2.01.11.00;PROVEEDORES EXTRANJEROS POR PAGAR;11198269609;11765930095;0;567660486;0;567660486;0;0;0;-567660486
21021003;2.01.40.00;PROVEEDORES EERR;5575999557;5575999557;0;0;0;0;0;0;0;0
21022001;2.01.12.00;CUENTA POR PAGAR;25899;102594271;0;102568372;0;102568372;0;0;0;-102568372
21022002;2.01.12.00;FONDOS FIJOS - A RENDIR  POR PAGAR;142146761;165558672;0;23411911;0;23411911;0;0;0;-23411911
21031001;2.01.12.00;FONDOS DE AGENCIAS POR PAGAR;85200000;85200000;0;0;0;0;0;0;0;0
21031002;2.01.99.00;POLIZAS DE SEGURO POR PAGAR;34529221;37754655;0;3225434;0;3225434;0;0;0;-3225434
21031003;2.01.14.00;DOCUMENTOS POR PAGAR;33478604;51108903;0;17630299;0;17630299;0;0;0;-17630299
21031004;2.01.11.00;FACTURAS POR RECIBIR PROV. NACIONALES;717241803;929125836;0;211884033;0;211884033;0;0;0;-211884033
21041001;2.01.70.00;ANTICIPOS DE CLIENTE;218352725;233946114;0;15593389;0;15593389;0;0;0;-15593389
21041002;2.01.99.00;DEPÓSITOS Y ABONOS BANCARIOS POR ACLARAR;8768178;8768178;0;0;0;0;0;0;0;0
21041003;2.01.99.00;DEVOLUCIÓN A CLIENTES;78081159;80110571;0;2029412;0;2029412;0;0;0;-2029412
21041005;2.01.99.00;GARANTÍAS EXTENDIDAS POR PAGAR;736115119;792125569;0;56010450;0;56010450;0;0;0;-56010450
21041006;2.01.99.00;FNZ;1830596943;1830902296;0;305353;0;305353;0;0;0;-305353
21041007;2.01.99.00;GIFT CARD AMSA;4956515;6676512;0;1719997;0;1719997;0;0;0;-1719997
21051101;2.01.40.00;CTA CTE MONETARIA POR PAGAR AMIQQ;1,42366E+11;1,36888E+11;5477566926;0;5477566926;0;0;0;0;5477566926
21051102;2.01.40.00;CTA CTE MONETARIA POR PAGAR FMSA;50394221;25004103;25390118;0;25390118;0;0;0;0;25390118
21051103;2.01.40.00;CTA CTE MONETARIA POR PAGAR AM-PERU;89101503;89101503;0;0;0;0;0;0;0;0
21051104;2.01.40.00;CTA CTE MONETARIA POR PAGAR ACADEMIA;17114618;17114618;0;0;0;0;0;0;0;0
21051105;2.01.40.00;CTA CTE MONETARIA POR PAGAR OTEC;60064;60064;0;0;0;0;0;0;0;0
21051106;2.01.40.00;CTA CTE MONETARIA POR PAGAR GMT;70700926;1335309;69365617;0;69365617;0;0;0;0;69365617
21051107;2.01.40.00;CTA CTE MONETARIA POR PAGAR REAL AUDIO;128136;128136;0;0;0;0;0;0;0;0
21052101;2.01.40.00;CTA CTE NO MONETARIA POR PAGAR AMIQQ;17585287335;32731107659;0;15145820324;0;15145820324;0;0;0;-13988313139
21052102;2.01.40.00;CTA CTE NO MONETARIA POR PAGAR FMSA;19738716;2058750305;0;2039011589;0;2039011589;0;0;0;-2039011589
21052106;2.01.40.00;CTA CTE NO MONETARIA POR PAGAR GMT;210101483;318098856;0;107997373;0;107997373;0;0;0;-107997373
21052108;2.01.40.00;CTA CTE NO MONETARIA POR PAGAR AM-COLOMBIA;1533867;9131338;0;7597471;0;7597471;0;0;0;-7597471
21052111;2.01.40.00;CTA CTE NO MONETARIA POR PAGAR COMERCIAL E IMPORTADORA AUDIOMUSICA SPA;5000000;5000000;0;0;0;0;0;0;0;0
21061001;2.01.51.00;PROVISIÓN POR VACACIONES DEL PERSONAL DEVENGADAS;28789591;360391272;0;331601681;0;331601681;0;0;0;0
21061002;2.01.54.00;PROVISIONES VARIAS;1387479368;1811722896;0;424243528;0;424243528;0;0;0;-424243528
21062001;2.01.54.00;PROVISIÓN POR COSTO DE VENTAS;1656572306;1482923954;173648352;0;173648352;0;0;0;0;173648352
21063001;2.01.54.00;PROVISIÓN POR VENTAS ANTICIPADAS;28769003;29098397;0;329394;0;329394;0;0;0;-329394
21063003;2.01.99.00;VENTAS POR DEVENGAR;107119787;119583669;0;12463882;0;12463882;0;0;0;-12463882
21071001;2.01.59.00;I.V.A. DÉBITO FISCAL;6022638723;6022638723;0;0;0;0;0;0;0;0
21071003;2.01.61.00;IMPUESTOS MENSUALES POR PAGAR;1717405227;1743817972;0;26412745;0;26412745;0;0;0;-26412745
21081001;2.01.55.00;RETENCIÓN IMPUESTO ÚNICO A LOS TRABAJADORES;259583618;259583618;0;0;0;0;0;0;0;0
21081002;2.01.55.00;RETENCIÓN IMPUESTO DE 2A. CATEGORÍA HONORARIOS;4458929;4458929;0;0;0;0;0;0;0;0
21081003;2.01.55.00;COTIZACIONES PREVISIONALES POR PAGAR;650500865;739090445;0;88589580;0;88589580;0;0;0;-88589580
21081004;2.01.55.00;OTRAS RETENCIONES;5101768;5186762;0;84994;0;84994;0;0;0;-84994
21081005;2.01.99.00;IMPUESTO ADICIONAL;41883820;46560670;0;4676850;0;4676850;0;0;0;-4676850
21081006;2.01.99.00;RETENCION 3% HONORARIOS;221815;221815;0;0;0;0;0;0;0;0
21081007;2.01.99.00;RETENCION 3% IMPTO UNICO;7565850;7565850;0;0;0;0;0;0;0;0
21082001;2.02.07.00;REMUNERACIONES POR PAGAR;2639529210;2786926341;0;147397131;0;147397131;0;0;0;-147397131
21082002;2.01.01.00;HONORARIOS POR PAGAR;22493428;22977587;0;484159;0;484159;0;0;0;-484159
21082003;2.01.01.00;CUOTA SINDICAL POR PAGAR;3459000;3883000;0;424000;0;424000;0;0;0;-424000
22011001;2.01.04.00;PRESTAMOS BANCARIOS CLP LARGO PLAZO;1013609661;11060771483;0;10047161822;0;10047161822;0;0;0;-10047161822
22011003;2.02.07.00;INTERESES BANCARIOS LP NO DEVENGADOS CLP;1738654477;440101334;1298553143;0;1298553143;0;0;0;0;1494970553
22022001;2.01.01.00;OTROS ACREEDORES VARIOS A LARGO PLAZO;0;99265644;0;99265644;0;99265644;0;0;0;-99265644
31011001;2.03.02.00;ACCIONES;0;8082464670;0;8082464670;0;8082464670;0;0;0;0
31011004;2.03.04.00;CAPITAL CONVERGENCIA IFRS;30285757;0;30285757;0;30285757;0;0;0;0;0
31031001;2.03.04.00;FONDO FUTURAS CAPITALIZACIONES;439164;0;439164;0;439164;0;0;0;0;0
31032001;2.03.02.00;RESERVA SUPERAVIT REVALUACIÓN;0;862787869;0;862787869;0;862787869;0;0;0;0
31032002;2.03.04.00;OTRAS RESERVAS INVERSION EMPRESAS RELACIONADAS;200841673;223408908;0;22567235;0;22567235;0;0;0;0
31041001;2.03.06.00;UTILIDADES ACUMULADAS;7158222286;0;7158222286;0;7158222286;0;0;0;0;0
31041004;2.03.06.00;UTILIDAD (PÉRDIDA) DEL EJERCICIO;2361791367;2361791367;0;0;0;0;0;0;0;0
31041005;2.03.06.00;UTILIDAD ACUMULADA IFRS;0;85588173;0;85588173;0;85588173;0;0;0;0
41011001;3.01.01.00;VENTAS;1157091670;27975611011;0;26818519341;0;0;0;26818519341;1657;0
51011001;3.05.10.00;COSTOS DE VENTAS;16700221833;1135179782;15565042051;0;0;0;15565042051;0;1671;0
61011001;3.01.03.00;SUELDO BASE;2428626991;181333;2428445658;0;0;0;2428445658;0;1662;0
61011002;3.01.03.00;GRATIFICACIÓN;301426705;0;301426705;0;0;0;301426705;0;1671;0
61011003;3.05.10.00;COMISIONES Y SEMANA CORRIDA;511309366;0;511309366;0;0;0;511309366;0;1671;0
61011004;3.05.10.00;INDEMNIZACIONES Y DESAHUCIOS;221003383;0;221003383;0;0;0;221003383;0;1671;0
61011005;3.05.10.00;MOVILIZACIÓN;93594376;0;93594376;0;0;0;93594376;0;1671;0
61011006;3.05.10.00;COLACIÓN;130696466;188824;130507642;0;0;0;130507642;0;1671;0
61011007;3.05.10.00;PREMIOS Y BONOS FIJOS;166524160;0;166524160;0;0;0;166524160;0;1671;0
61011008;3.05.10.00;PREMIOS Y BONOS VARIABLES;470225703;14529601;455696102;0;0;0;455696102;0;1671;0
61011009;3.05.10.00;HORAS EXTRAS;20439798;0;20439798;0;0;0;20439798;0;1671;0
61011010;3.05.10.00;FERIADO PROPORCIONAL;204730779;64548623;140182156;0;0;0;140182156;0;1671;0
61011011;3.05.10.00;SEGUROS DE SALUD Y VIDA;49046818;4663050;44383768;0;0;0;44383768;0;1671;0
61011012;3.05.10.00;APORTE PATRONAL Y SEG. CESANTÍA;197059576;2229203;194830373;0;0;0;194830373;0;1671;0
61011013;3.05.10.00;BENEFICIO EMPRESA;24852989;0;24852989;0;0;0;24852989;0;1671;0
61011014;3.05.10.00;SALA CUNA;10050000;0;10050000;0;0;0;10050000;0;1671;0
61011015;3.05.10.00;AGUINALDO;44486692;0;44486692;0;0;0;44486692;0;1671;0
61012001;3.05.10.00;ARRIENDOS FIJOS;1453215599;181637955;1271577644;0;0;0;1271577644;0;1671;0
61012002;3.05.10.00;ARRIENDO VARIABLE;98119779;47864132;50255647;0;0;0;50255647;0;1671;0
61012003;3.05.10.00;GASTOS COMUNES;643911607;129605797;514305810;0;0;0;514305810;0;1671;0
61012004;3.05.10.00;COMISION TRANSBANK;410499666;43280719;367218947;0;0;0;367218947;0;1671;0
61012005;3.05.10.00;COMISION MERCADOPAGO;81405508;3688480;77717028;0;0;0;77717028;0;1671;0
61012006;3.03.01.00;DEPRECIACIÓN DEL EJERCICIO;596979055;153483845;443495210;0;0;0;443495210;0;1671;0
61012007;3.05.10.00;SERV.BÁSICOS (LUZ AGUA GAS CABLE);127767880;32239037;95528843;0;0;0;95528843;0;1671;0
61012008;3.05.10.00;FLETES DESPACHOS Y LOGISTICA;777363919;331729569;445634350;0;0;0;445634350;0;1671;0
61012009;3.05.10.00;SEGUROS GENERALES;46818564;4609328;42209236;0;0;0;42209236;0;1671;0
61012010;3.05.10.00;MANTENCIÓN/REPARAC.INMUEBLES;236619546;43700880;192918666;0;0;0;192918666;0;1663;0
61012011;3.05.10.00;ASEGURADORA DE CHEQUES;12897371;0;12897371;0;0;0;12897371;0;1671;0
61012012;3.05.10.00;GASTOS PERSONAL/REPRESENTACIÓN;42949676;9335743;33613933;0;0;0;33613933;0;1671;0
61012013;3.05.10.00;TELEFONIA FIJA E INTERNET;17968782;1472558;16496224;0;0;0;16496224;0;1671;0
61012014;3.05.10.00;TELEFONIA CELULAR;7709511;2816184;4893327;0;0;0;4893327;0;1671;0
61012015;3.05.10.00;MANTENCIÓN SISTEMAS COMPUTACIONALES;402200880;202188372;200012508;0;0;0;200012508;0;1671;0
61012016;3.05.10.00;DATA CENTER Y ENLACES;233958631;104904591;129054040;0;0;0;129054040;0;1671;0
61012017;3.05.10.00;PATENTES COMERCIALES;24153396;3502918;20650478;0;0;0;20650478;0;1671;0
61012018;3.05.10.00;CONTRIBUCIONES;12178680;3773736;8404944;0;0;0;8404944;0;1671;0
61012019;3.05.10.00;SEGURIDAD;173947982;27311957;146636025;0;0;0;146636025;0;1671;0
61012020;3.05.10.00;DICOM;4165554;0;4165554;0;0;0;4165554;0;1671;0
61012021;3.05.10.00;DETERIORO DE INVENTARIO;635967540;578595596;57371944;0;0;0;57371944;0;1671;0
61012022;3.05.10.00;DETERIORO DEUDORES Y DOCUMENTOS INCOBRABLES;266952705;214330024;52622681;0;0;0;52622681;0;1671;0
61012023;3.05.10.00;REPARACION Y MANTENCIÓN DE EXISTENCIAS;18949444;10560930;8388514;0;0;0;8388514;0;1671;0
61012024;3.05.10.00;MANTENCIÓN DE VEHÍCULOS;5137166;129852;5007314;0;0;0;5007314;0;1671;0
61012025;3.05.10.00;COMBUSTIBLES;5259599;457014;4802585;0;0;0;4802585;0;1671;0
61012026;3.05.10.00;AUTOPISTAS, PEAJES Y ESTACIONAMIENTOS;3143427;212980;2930447;0;0;0;2930447;0;1671;0
61012028;3.05.10.00;COSTOS NO ASOCIADOS A EXISTENCIAS;3266256;756726;2509530;0;0;0;2509530;0;1671;0
61012029;3.03.01.00;AMORTIZACIÓN DEL EJERCICIO;139156144;37759719;101396425;0;0;0;101396425;0;1663;0
61012031;3.05.10.00;PASAJES POR VIAJES;23892102;3190693;20701409;0;0;0;20701409;0;1671;0
61012032;3.05.10.00;GASTOS DEL PERSONAL POR VIAJES;32477698;2352184;30125514;0;0;0;30125514;0;1671;0
61012033;3.05.10.00;SERVICIOS POR ASESORIAS;253926951;59284429;194642522;0;0;0;194642522;0;1671;0
61012034;3.05.10.00;UNIFORMES;17371437;2141800;15229637;0;0;0;15229637;0;1671;0
61012035;3.02.03.00;SINIESTRO Y ROBO;13058261;1769014;11289247;0;0;0;11289247;0;1660;0
61012036;3.02.03.00;GASTOS NO ASOCIADOS A EXISTENCIAS;5996061;1797701;4198360;0;0;0;4198360;0;1671;0
61012037;3.05.10.00;SERVICIOS EXTERNOS;461320076;238173662;223146414;0;0;0;223146414;0;1671;0
61012038;3.05.10.00;SERVICIOS EXTERNOS LOGISTICOS;401126302;162319903;238806399;0;0;0;238806399;0;1671;0
61012039;3.05.10.00;HONORARIOS;14006607;9680049;4326558;0;0;0;4326558;0;1671;0
61012040;3.05.10.00;CAPACITACIONES;7609374;27868;7581506;0;0;0;7581506;0;1671;0
61012041;3.05.10.00;HEAD HUNTER;9106730;0;9106730;0;0;0;9106730;0;1671;0
61012043;3.05.10.00;INSUMOS Y UTILES;74454080;4557866;69896214;0;0;0;69896214;0;1671;0
61012044;3.05.10.00;LEGALES E INTERESES;10822238;122231;10700007;0;0;0;10700007;0;1671;0
61012045;3.05.10.00;CORRESPONDENCIA;7374398;953467;6420931;0;0;0;6420931;0;1671;0
61012046;3.05.10.00;SERVICIO AL CLIENTE;111900;0;111900;0;0;0;111900;0;1671;0
61012047;3.05.10.00;IVA NO RECUPERABLE;8678883;1570112;7108771;0;0;0;7108771;0;1671;0
61013001;3.05.10.00;CATÁLOGOS AFICHES MATERIAL POP;11981436;735305;11246131;0;0;0;11246131;0;1671;0
61013002;3.05.10.00;PUBLICIDAD RADIO TV WEB DIARIOS;611206247;140515635;470690612;0;0;0;470690612;0;1671;0
61013003;3.05.10.00;MERCHANDISING;346250;0;346250;0;0;0;346250;0;1671;0
61013004;3.05.10.00;EVENTOS;8146314;844966;7301348;0;0;0;7301348;0;1671;0
61013006;3.05.10.00;GASTOS POR POSICIONAMIENTO;8970646;11611889;0;2641243;0;0;0;2641243;1671;0
61013007;3.02.03.00;CANJE PUBLICITARIO Y PREMIOS;1259311;0;1259311;0;0;0;1259311;0;1671;0
61013008;3.02.03.00;MARKETING MARCAS (CREDIT);0;3925558;0;3925558;0;0;0;3925558;1660;0
71011001;3.02.03.00;DIVIDENDOS PERCIBIDOS;39370;1118098;0;1078728;0;0;0;1078728;1660;0
71013002;3.02.03.00;UTILIDAD POR VENTAS DE ACTIVOS FIJOS;0;309453;0;309453;0;0;0;309453;1660;0
71014001;3.02.03.00;OTROS INGRESOS;23635084;23635084;0;0;0;0;0;0;1660;0
71015003;3.02.03.00;INTERESES PAGADOS PRÉSTAMOS DE BANCOS NACIONALES;47217062;134429731;0;87212669;0;0;0;87212669;1660;0
81011001;3.05.10.00;INTERESES GANADOS POR INVERSIONES FINANCIERAS;450132945;0;450132945;0;0;0;450132945;0;1664;0
81011004;3.05.10.00;OTROS INTERESES PAGADOS POR FINANCIAMIENTO;43512740;10800957;32711783;0;0;0;32711783;0;1664;0
81011005;3.05.10.00;INTERESES POR COBERTURAS DE COMERCIO EXTERIOR;30522;30522;0;0;0;0;0;0;1664;0
81011006;3.05.10.00;COSTO POR FINANCIAMIENTO;1360567;0;1360567;0;0;0;1360567;0;1671;0
81012001;3.05.10.00;GASTOS FINANCIEROS POR COBERTURAS DE COMEX;8095004;1131748;6963256;0;0;0;6963256;0;1671;0
81012002;3.05.10.00;OTROS GASTOS FINANCIEROS;30270778;9614388;20656390;0;0;0;20656390;0;1671;0
81012003;3.05.10.00;COMISION POR PAGOS EN AGENCIAS;1100000;0;1100000;0;0;0;1100000;0;1671;0
81014001;3.05.10.00;PÉRDIDA POR INVERSIONES EN EMPRESAS RELACIONADAS;60504908;42;60504866;0;0;0;60504866;0;1671;0
81017001;3.02.03.00;OTROS EGRESOS;1050691;1002817;47874;0;0;0;47874;0;1660;0
81017002;3.05.10.00;GASTOS DE EJERCICIOS ANTERIORES;2881108;0;2881108;0;0;0;2881108;0;1671;0
81022001;3.05.10.00;DIFERENCIAS DE CAMBIO POR ACTIVOS;931247601;1846218496;0;914970895;0;0;0;914970895;1671;0
81022002;3.05.10.00;DIFERENCIAS DE CAMBIO POR PASIVOS;4424848177;3418866365;1005981812;0;0;0;1005981812;0;1671;0
81022003;3.02.03.00;REDONDEO;8740;2968;5772;0;0;0;5772;0;1660;0
81023001;3.05.10.00;RESULTADOS POR UNIDADES DE REAJUSTE;95764851;97732004;0;1967153;0;0;0;1967153;1671;0
81031001;3.02.03.00;IMPUESTO A LA RENTA;159924543;129426613;30497930;0;0;0;30497930;0;1660;0
81091002;3.05.10.00;CIERRE PERIODO;10208637050;10208637050;0;0;0;0;0;0;1671;0
81091003;3.05.10.00;CTA DE PASO;38585457867;38585457867;0;0;0;0;0;0;1671;0
